Review_ID,Review_Text,Sentiment
522,excellent service fast delivery highly recommend,Positive
738,terrible experience product broke week,Negative
741,neutral feeling product average,Neutral
661,best purchase ive made year,Positive
412,product okay nothing special,Neutral
679,terrible experience product broke week,Negative
627,satisfied quality feel cheap,Negative
514,love product changed life,Positive
860,satisfied quality feel cheap,Negative
137,product okay nothing special,Neutral
812,terrible experience product broke week,Negative
77,product okay nothing special,Neutral
637,satisfied quality feel cheap,Negative
974,terrible experience product broke week,Negative
939,best purchase ive made year,Positive
900,wouldnt recommend friend poor performance,Negative
281,love product changed life,Positive
884,satisfied quality feel cheap,Negative
762,best purchase ive made year,Positive
320,terrible experience product broke week,Negative
550,amazing quality great value price,Positive
175,product okay nothing special,Neutral
372,product okay nothing special,Neutral
528,love product changed life,Positive
211,neutral feeling product average,Neutral
236,excellent service fast delivery highly recommend,Positive
102,amazing quality great value price,Positive
987,amazing quality great value price,Positive
903,terrible experience product broke week,Negative
948,excellent service fast delivery highly recommend,Positive
347,product okay nothing special,Neutral
140,satisfied quality feel cheap,Negative
622,item arrived late damaged disappointed,Negative
500,neutral feeling product average,Neutral
371,satisfied quality feel cheap,Negative
199,excellent service fast delivery highly recommend,Positive
688,best purchase ive made year,Positive
585,excellent service fast delivery highly recommend,Positive
902,love product changed life,Positive
60,terrible experience product broke week,Negative
329,amazing quality great value price,Positive
97,neutral feeling product average,Neutral
313,excellent service fast delivery highly recommend,Positive
975,neutral feeling product average,Neutral
300,wouldnt recommend friend poor performance,Negative
278,amazing quality great value price,Positive
925,best purchase ive made year,Positive
602,neutral feeling product average,Neutral
440,wouldnt recommend friend poor performance,Negative
838,item arrived late damaged disappointed,Negative
571,product okay nothing special,Neutral
880,product okay nothing special,Neutral
262,product okay nothing special,Neutral
579,item arrived late damaged disappointed,Negative
24,excellent service fast delivery highly recommend,Positive
31,best purchase ive made year,Positive
618,wouldnt recommend friend poor performance,Negative
11,item arrived late damaged disappointed,Negative
222,terrible experience product broke week,Negative
821,wouldnt recommend friend poor performance,Negative
297,terrible experience product broke week,Negative
55,excellent service fast delivery highly recommend,Positive
543,amazing quality great value price,Positive
210,satisfied quality feel cheap,Negative
605,item arrived late damaged disappointed,Negative
693,item arrived late damaged disappointed,Negative
663,wouldnt recommend friend poor performance,Negative
867,excellent service fast delivery highly recommend,Positive
71,satisfied quality feel cheap,Negative
544,wouldnt recommend friend poor performance,Negative
108,item arrived late damaged disappointed,Negative
494,best purchase ive made year,Positive
591,item arrived late damaged disappointed,Negative
742,amazing quality great value price,Positive
293,wouldnt recommend friend poor performance,Negative
290,terrible experience product broke week,Negative
653,excellent service fast delivery highly recommend,Positive
40,best purchase ive made year,Positive
590,wouldnt recommend friend poor performance,Negative
308,amazing quality great value price,Positive
680,satisfied quality feel cheap,Negative
67,product okay nothing special,Neutral
276,love product changed life,Positive
68,best purchase ive made year,Positive
319,best purchase ive made year,Positive
549,item arrived late damaged disappointed,Negative
999,satisfied quality feel cheap,Negative
715,neutral feeling product average,Neutral
754,wouldnt recommend friend poor performance,Negative
328,excellent service fast delivery highly recommend,Positive
383,best purchase ive made year,Positive
452,item arrived late damaged disappointed,Negative
523,item arrived late damaged disappointed,Negative
219,neutral feeling product average,Neutral
788,product okay nothing special,Neutral
437,terrible experience product broke week,Negative
765,satisfied quality feel cheap,Negative
89,satisfied quality feel cheap,Negative
64,satisfied quality feel cheap,Negative
827,item arrived late damaged disappointed,Negative
717,neutral feeling product average,Neutral
352,product okay nothing special,Neutral
937,best purchase ive made year,Positive
257,neutral feeling product average,Neutral
636,item arrived late damaged disappointed,Negative
645,terrible experience product broke week,Negative
555,satisfied quality feel cheap,Negative
960,neutral feeling product average,Neutral
169,terrible experience product broke week,Negative
918,item arrived late damaged disappointed,Negative
529,terrible experience product broke week,Negative
824,excellent service fast delivery highly recommend,Positive
986,neutral feeling product average,Neutral
817,wouldnt recommend friend poor performance,Negative
87,best purchase ive made year,Positive
433,item arrived late damaged disappointed,Negative
185,best purchase ive made year,Positive
979,satisfied quality feel cheap,Negative
535,love product changed life,Positive
295,excellent service fast delivery highly recommend,Positive
893,neutral feeling product average,Neutral
426,item arrived late damaged disappointed,Negative
714,satisfied quality feel cheap,Negative
261,love product changed life,Positive
238,amazing quality great value price,Positive
584,love product changed life,Positive
446,best purchase ive made year,Positive
868,satisfied quality feel cheap,Negative
801,love product changed life,Positive
600,wouldnt recommend friend poor performance,Negative
850,excellent service fast delivery highly recommend,Positive
266,satisfied quality feel cheap,Negative
996,item arrived late damaged disappointed,Negative
530,item arrived late damaged disappointed,Negative
56,terrible experience product broke week,Negative
121,terrible experience product broke week,Negative
216,wouldnt recommend friend poor performance,Negative
73,wouldnt recommend friend poor performance,Negative
45,neutral feeling product average,Neutral
248,amazing quality great value price,Positive
722,love product changed life,Positive
282,love product changed life,Positive
894,neutral feeling product average,Neutral
915,satisfied quality feel cheap,Negative
811,neutral feeling product average,Neutral
245,excellent service fast delivery highly recommend,Positive
823,terrible experience product broke week,Negative
322,neutral feeling product average,Neutral
644,excellent service fast delivery highly recommend,Positive
159,terrible experience product broke week,Negative
978,neutral feeling product average,Neutral
430,satisfied quality feel cheap,Negative
942,amazing quality great value price,Positive
463,item arrived late damaged disappointed,Negative
310,satisfied quality feel cheap,Negative
698,neutral feeling product average,Neutral
61,excellent service fast delivery highly recommend,Positive
885,neutral feeling product average,Neutral
596,item arrived late damaged disappointed,Negative
768,excellent service fast delivery highly recommend,Positive
650,love product changed life,Positive
651,wouldnt recommend friend poor performance,Negative
866,terrible experience product broke week,Negative
669,wouldnt recommend friend poor performance,Negative
299,excellent service fast delivery highly recommend,Positive
690,amazing quality great value price,Positive
315,item arrived late damaged disappointed,Negative
311,excellent service fast delivery highly recommend,Positive
362,satisfied quality feel cheap,Negative
480,item arrived late damaged disappointed,Negative
111,product okay nothing special,Neutral
990,excellent service fast delivery highly recommend,Positive
487,love product changed life,Positive
364,terrible experience product broke week,Negative
255,product okay nothing special,Neutral
260,item arrived late damaged disappointed,Negative
803,satisfied quality feel cheap,Negative
678,excellent service fast delivery highly recommend,Positive
495,neutral feeling product average,Neutral
671,satisfied quality feel cheap,Negative
378,terrible experience product broke week,Negative
527,product okay nothing special,Neutral
846,excellent service fast delivery highly recommend,Positive
138,neutral feeling product average,Neutral
356,excellent service fast delivery highly recommend,Positive
366,satisfied quality feel cheap,Negative
943,love product changed life,Positive
750,excellent service fast delivery highly recommend,Positive
949,amazing quality great value price,Positive
830,wouldnt recommend friend poor performance,Negative
657,wouldnt recommend friend poor performance,Negative
200,love product changed life,Positive
214,product okay nothing special,Neutral
409,item arrived late damaged disappointed,Negative
333,terrible experience product broke week,Negative
209,excellent service fast delivery highly recommend,Positive
614,wouldnt recommend friend poor performance,Negative
79,item arrived late damaged disappointed,Negative
30,item arrived late damaged disappointed,Negative
536,amazing quality great value price,Positive
696,item arrived late damaged disappointed,Negative
558,amazing quality great value price,Positive
597,item arrived late damaged disappointed,Negative
166,terrible experience product broke week,Negative
919,neutral feeling product average,Neutral
496,neutral feeling product average,Neutral
825,terrible experience product broke week,Negative
66,best purchase ive made year,Positive
142,product okay nothing special,Neutral
926,terrible experience product broke week,Negative
828,wouldnt recommend friend poor performance,Negative
656,terrible experience product broke week,Negative
332,best purchase ive made year,Positive
665,terrible experience product broke week,Negative
250,love product changed life,Positive
908,satisfied quality feel cheap,Negative
709,wouldnt recommend friend poor performance,Negative
306,wouldnt recommend friend poor performance,Negative
735,love product changed life,Positive
976,terrible experience product broke week,Negative
50,amazing quality great value price,Positive
897,love product changed life,Positive
3,satisfied quality feel cheap,Negative
545,best purchase ive made year,Positive
351,amazing quality great value price,Positive
905,wouldnt recommend friend poor performance,Negative
537,excellent service fast delivery highly recommend,Positive
345,satisfied quality feel cheap,Negative
995,satisfied quality feel cheap,Negative
482,wouldnt recommend friend poor performance,Negative
576,excellent service fast delivery highly recommend,Positive
34,excellent service fast delivery highly recommend,Positive
32,satisfied quality feel cheap,Negative
232,item arrived late damaged disappointed,Negative
964,wouldnt recommend friend poor performance,Negative
193,best purchase ive made year,Positive
334,excellent service fast delivery highly recommend,Positive
4,excellent service fast delivery highly recommend,Positive
205,love product changed life,Positive
515,excellent service fast delivery highly recommend,Positive
800,terrible experience product broke week,Negative
307,wouldnt recommend friend poor performance,Negative
110,excellent service fast delivery highly recommend,Positive
431,best purchase ive made year,Positive
78,neutral feeling product average,Neutral
85,excellent service fast delivery highly recommend,Positive
287,product okay nothing special,Neutral
83,best purchase ive made year,Positive
992,amazing quality great value price,Positive
790,love product changed life,Positive
895,terrible experience product broke week,Negative
399,item arrived late damaged disappointed,Negative
324,wouldnt recommend friend poor performance,Negative
520,item arrived late damaged disappointed,Negative
917,wouldnt recommend friend poor performance,Negative
923,item arrived late damaged disappointed,Negative
6,product okay nothing special,Neutral
732,wouldnt recommend friend poor performance,Negative
466,wouldnt recommend friend poor performance,Negative
98,product okay nothing special,Neutral
267,neutral feeling product average,Neutral
358,excellent service fast delivery highly recommend,Positive
869,wouldnt recommend friend poor performance,Negative
799,neutral feeling product average,Neutral
381,amazing quality great value price,Positive
632,best purchase ive made year,Positive
382,love product changed life,Positive
491,item arrived late damaged disappointed,Negative
119,item arrived late damaged disappointed,Negative
901,satisfied quality feel cheap,Negative
251,amazing quality great value price,Positive
524,neutral feeling product average,Neutral
10,wouldnt recommend friend poor performance,Negative
197,excellent service fast delivery highly recommend,Positive
604,satisfied quality feel cheap,Negative
82,excellent service fast delivery highly recommend,Positive
784,excellent service fast delivery highly recommend,Positive
588,wouldnt recommend friend poor performance,Negative
798,product okay nothing special,Neutral
240,product okay nothing special,Neutral
291,product okay nothing special,Neutral
212,excellent service fast delivery highly recommend,Positive
718,wouldnt recommend friend poor performance,Negative
360,amazing quality great value price,Positive
450,amazing quality great value price,Positive
228,neutral feeling product average,Neutral
951,wouldnt recommend friend poor performance,Negative
947,love product changed life,Positive
797,satisfied quality feel cheap,Negative
502,terrible experience product broke week,Negative
465,best purchase ive made year,Positive
363,love product changed life,Positive
469,satisfied quality feel cheap,Negative
936,terrible experience product broke week,Negative
429,terrible experience product broke week,Negative
8,amazing quality great value price,Positive
156,best purchase ive made year,Positive
542,amazing quality great value price,Positive
441,satisfied quality feel cheap,Negative
483,wouldnt recommend friend poor performance,Negative
423,excellent service fast delivery highly recommend,Positive
779,wouldnt recommend friend poor performance,Negative
950,best purchase ive made year,Positive
335,best purchase ive made year,Positive
577,terrible experience product broke week,Negative
935,neutral feeling product average,Neutral
568,best purchase ive made year,Positive
595,satisfied quality feel cheap,Negative
531,excellent service fast delivery highly recommend,Positive
582,neutral feeling product average,Neutral
708,item arrived late damaged disappointed,Negative
449,wouldnt recommend friend poor performance,Negative
454,excellent service fast delivery highly recommend,Positive
229,love product changed life,Positive
353,satisfied quality feel cheap,Negative
729,satisfied quality feel cheap,Negative
213,amazing quality great value price,Positive
80,satisfied quality feel cheap,Negative
149,product okay nothing special,Neutral
303,wouldnt recommend friend poor performance,Negative
629,best purchase ive made year,Positive
778,satisfied quality feel cheap,Negative
507,terrible experience product broke week,Negative
343,love product changed life,Positive
486,amazing quality great value price,Positive
712,excellent service fast delivery highly recommend,Positive
134,terrible experience product broke week,Negative
704,wouldnt recommend friend poor performance,Negative
312,best purchase ive made year,Positive
723,neutral feeling product average,Neutral
630,excellent service fast delivery highly recommend,Positive
1,terrible experience product broke week,Negative
317,satisfied quality feel cheap,Negative
707,neutral feeling product average,Neutral
548,amazing quality great value price,Positive
873,amazing quality great value price,Positive
533,amazing quality great value price,Positive
478,excellent service fast delivery highly recommend,Positive
405,item arrived late damaged disappointed,Negative
173,neutral feeling product average,Neutral
126,amazing quality great value price,Positive
395,excellent service fast delivery highly recommend,Positive
421,satisfied quality feel cheap,Negative
553,neutral feeling product average,Neutral
904,excellent service fast delivery highly recommend,Positive
91,excellent service fast delivery highly recommend,Positive
940,terrible experience product broke week,Negative
182,excellent service fast delivery highly recommend,Positive
275,excellent service fast delivery highly recommend,Positive
896,wouldnt recommend friend poor performance,Negative
70,excellent service fast delivery highly recommend,Positive
292,terrible experience product broke week,Negative
132,satisfied quality feel cheap,Negative
301,wouldnt recommend friend poor performance,Negative
425,excellent service fast delivery highly recommend,Positive
327,amazing quality great value price,Positive
145,satisfied quality feel cheap,Negative
424,love product changed life,Positive
581,amazing quality great value price,Positive
136,item arrived late damaged disappointed,Negative
451,terrible experience product broke week,Negative
165,wouldnt recommend friend poor performance,Negative
29,product okay nothing special,Neutral
774,product okay nothing special,Neutral
194,love product changed life,Positive
389,love product changed life,Positive
853,terrible experience product broke week,Negative
170,amazing quality great value price,Positive
706,neutral feeling product average,Neutral
141,amazing quality great value price,Positive
174,amazing quality great value price,Positive
7,terrible experience product broke week,Negative
746,neutral feeling product average,Neutral
479,item arrived late damaged disappointed,Negative
74,product okay nothing special,Neutral
911,product okay nothing special,Neutral
814,item arrived late damaged disappointed,Negative
239,neutral feeling product average,Neutral
146,amazing quality great value price,Positive
793,satisfied quality feel cheap,Negative
235,excellent service fast delivery highly recommend,Positive
221,excellent service fast delivery highly recommend,Positive
924,best purchase ive made year,Positive
501,product okay nothing special,Neutral
133,best purchase ive made year,Positive
991,wouldnt recommend friend poor performance,Negative
775,excellent service fast delivery highly recommend,Positive
186,neutral feeling product average,Neutral
42,wouldnt recommend friend poor performance,Negative
697,best purchase ive made year,Positive
109,best purchase ive made year,Positive
589,love product changed life,Positive
57,love product changed life,Positive
406,love product changed life,Positive
443,terrible experience product broke week,Negative
758,amazing quality great value price,Positive
998,amazing quality great value price,Positive
25,neutral feeling product average,Neutral
468,terrible experience product broke week,Negative
540,product okay nothing special,Neutral
532,product okay nothing special,Neutral
619,wouldnt recommend friend poor performance,Negative
695,terrible experience product broke week,Negative
927,product okay nothing special,Neutral
339,amazing quality great value price,Positive
52,wouldnt recommend friend poor performance,Negative
508,excellent service fast delivery highly recommend,Positive
517,wouldnt recommend friend poor performance,Negative
921,neutral feeling product average,Neutral
782,satisfied quality feel cheap,Negative
265,item arrived late damaged disappointed,Negative
818,love product changed life,Positive
711,best purchase ive made year,Positive
683,wouldnt recommend friend poor performance,Negative
833,item arrived late damaged disappointed,Negative
519,neutral feeling product average,Neutral
448,item arrived late damaged disappointed,Negative
19,love product changed life,Positive
716,excellent service fast delivery highly recommend,Positive
484,satisfied quality feel cheap,Negative
569,amazing quality great value price,Positive
434,amazing quality great value price,Positive
368,love product changed life,Positive
84,love product changed life,Positive
62,terrible experience product broke week,Negative
639,neutral feeling product average,Neutral
273,excellent service fast delivery highly recommend,Positive
286,amazing quality great value price,Positive
361,neutral feeling product average,Neutral
355,wouldnt recommend friend poor performance,Negative
457,item arrived late damaged disappointed,Negative
279,love product changed life,Positive
13,love product changed life,Positive
183,satisfied quality feel cheap,Negative
369,best purchase ive made year,Positive
882,wouldnt recommend friend poor performance,Negative
616,love product changed life,Positive
224,item arrived late damaged disappointed,Negative
573,excellent service fast delivery highly recommend,Positive
971,item arrived late damaged disappointed,Negative
654,product okay nothing special,Neutral
546,neutral feeling product average,Neutral
583,item arrived late damaged disappointed,Negative
634,item arrived late damaged disappointed,Negative
177,amazing quality great value price,Positive
666,product okay nothing special,Neutral
674,item arrived late damaged disappointed,Negative
586,item arrived late damaged disappointed,Negative
874,excellent service fast delivery highly recommend,Positive
394,excellent service fast delivery highly recommend,Positive
164,excellent service fast delivery highly recommend,Positive
249,terrible experience product broke week,Negative
635,satisfied quality feel cheap,Negative
886,terrible experience product broke week,Negative
670,love product changed life,Positive
376,amazing quality great value price,Positive
413,terrible experience product broke week,Negative
75,amazing quality great value price,Positive
114,terrible experience product broke week,Negative
599,amazing quality great value price,Positive
962,terrible experience product broke week,Negative
391,best purchase ive made year,Positive
105,wouldnt recommend friend poor performance,Negative
115,love product changed life,Positive
418,excellent service fast delivery highly recommend,Positive
526,excellent service fast delivery highly recommend,Positive
458,love product changed life,Positive
410,excellent service fast delivery highly recommend,Positive
93,best purchase ive made year,Positive
931,satisfied quality feel cheap,Negative
90,terrible experience product broke week,Negative
337,product okay nothing special,Neutral
989,item arrived late damaged disappointed,Negative
922,best purchase ive made year,Positive
934,love product changed life,Positive
606,neutral feeling product average,Neutral
594,best purchase ive made year,Positive
612,neutral feeling product average,Neutral
95,neutral feeling product average,Neutral
12,love product changed life,Positive
397,best purchase ive made year,Positive
534,neutral feeling product average,Neutral
44,love product changed life,Positive
43,satisfied quality feel cheap,Negative
330,satisfied quality feel cheap,Negative
168,neutral feeling product average,Neutral
498,excellent service fast delivery highly recommend,Positive
877,product okay nothing special,Neutral
598,amazing quality great value price,Positive
757,amazing quality great value price,Positive
101,excellent service fast delivery highly recommend,Positive
427,best purchase ive made year,Positive
179,item arrived late damaged disappointed,Negative
445,item arrived late damaged disappointed,Negative
417,excellent service fast delivery highly recommend,Positive
871,item arrived late damaged disappointed,Negative
883,wouldnt recommend friend poor performance,Negative
681,wouldnt recommend friend poor performance,Negative
178,wouldnt recommend friend poor performance,Negative
912,neutral feeling product average,Neutral
794,love product changed life,Positive
961,neutral feeling product average,Neutral
685,best purchase ive made year,Positive
384,wouldnt recommend friend poor performance,Negative
957,amazing quality great value price,Positive
752,excellent service fast delivery highly recommend,Positive
258,neutral feeling product average,Neutral
539,neutral feeling product average,Neutral
336,satisfied quality feel cheap,Negative
16,excellent service fast delivery highly recommend,Positive
325,terrible experience product broke week,Negative
759,best purchase ive made year,Positive
223,terrible experience product broke week,Negative
180,excellent service fast delivery highly recommend,Positive
984,neutral feeling product average,Neutral
23,item arrived late damaged disappointed,Negative
357,best purchase ive made year,Positive
667,satisfied quality feel cheap,Negative
862,excellent service fast delivery highly recommend,Positive
341,wouldnt recommend friend poor performance,Negative
432,amazing quality great value price,Positive
552,product okay nothing special,Neutral
834,neutral feeling product average,Neutral
204,terrible experience product broke week,Negative
631,neutral feeling product average,Neutral
94,excellent service fast delivery highly recommend,Positive
559,neutral feeling product average,Neutral
69,best purchase ive made year,Positive
623,product okay nothing special,Neutral
285,amazing quality great value price,Positive
845,excellent service fast delivery highly recommend,Positive
435,best purchase ive made year,Positive
154,love product changed life,Positive
76,excellent service fast delivery highly recommend,Positive
731,satisfied quality feel cheap,Negative
447,best purchase ive made year,Positive
189,terrible experience product broke week,Negative
272,product okay nothing special,Neutral
237,excellent service fast delivery highly recommend,Positive
488,satisfied quality feel cheap,Negative
118,product okay nothing special,Neutral
944,amazing quality great value price,Positive
513,love product changed life,Positive
826,amazing quality great value price,Positive
592,neutral feeling product average,Neutral
127,satisfied quality feel cheap,Negative
117,product okay nothing special,Neutral
474,item arrived late damaged disappointed,Negative
694,neutral feeling product average,Neutral
58,excellent service fast delivery highly recommend,Positive
864,satisfied quality feel cheap,Negative
913,amazing quality great value price,Positive
370,product okay nothing special,Neutral
269,item arrived late damaged disappointed,Negative
47,terrible experience product broke week,Negative
350,terrible experience product broke week,Negative
196,amazing quality great value price,Positive
1000,love product changed life,Positive
835,neutral feeling product average,Neutral
737,excellent service fast delivery highly recommend,Positive
264,love product changed life,Positive
444,wouldnt recommend friend poor performance,Negative
676,terrible experience product broke week,Negative
305,item arrived late damaged disappointed,Negative
342,amazing quality great value price,Positive
967,satisfied quality feel cheap,Negative
150,best purchase ive made year,Positive
125,neutral feeling product average,Neutral
787,best purchase ive made year,Positive
51,satisfied quality feel cheap,Negative
354,satisfied quality feel cheap,Negative
928,best purchase ive made year,Positive
143,amazing quality great value price,Positive
471,satisfied quality feel cheap,Negative
400,wouldnt recommend friend poor performance,Negative
626,love product changed life,Positive
321,love product changed life,Positive
20,amazing quality great value price,Positive
810,satisfied quality feel cheap,Negative
791,amazing quality great value price,Positive
809,love product changed life,Positive
408,best purchase ive made year,Positive
538,terrible experience product broke week,Negative
621,terrible experience product broke week,Negative
39,terrible experience product broke week,Negative
176,satisfied quality feel cheap,Negative
246,terrible experience product broke week,Negative
829,wouldnt recommend friend poor performance,Negative
668,terrible experience product broke week,Negative
755,best purchase ive made year,Positive
859,neutral feeling product average,Neutral
155,wouldnt recommend friend poor performance,Negative
288,love product changed life,Positive
603,excellent service fast delivery highly recommend,Positive
570,terrible experience product broke week,Negative
744,neutral feeling product average,Neutral
18,wouldnt recommend friend poor performance,Negative
128,amazing quality great value price,Positive
323,wouldnt recommend friend poor performance,Negative
256,item arrived late damaged disappointed,Negative
658,excellent service fast delivery highly recommend,Positive
965,excellent service fast delivery highly recommend,Positive
191,excellent service fast delivery highly recommend,Positive
116,terrible experience product broke week,Negative
617,item arrived late damaged disappointed,Negative
607,love product changed life,Positive
181,amazing quality great value price,Positive
302,love product changed life,Positive
760,item arrived late damaged disappointed,Negative
713,terrible experience product broke week,Negative
724,best purchase ive made year,Positive
686,amazing quality great value price,Positive
980,amazing quality great value price,Positive
518,terrible experience product broke week,Negative
985,excellent service fast delivery highly recommend,Positive
46,amazing quality great value price,Positive
910,love product changed life,Positive
158,love product changed life,Positive
852,amazing quality great value price,Positive
172,product okay nothing special,Neutral
17,amazing quality great value price,Positive
512,product okay nothing special,Neutral
49,terrible experience product broke week,Negative
972,terrible experience product broke week,Negative
941,item arrived late damaged disappointed,Negative
516,neutral feeling product average,Neutral
953,neutral feeling product average,Neutral
481,product okay nothing special,Neutral
284,neutral feeling product average,Neutral
719,wouldnt recommend friend poor performance,Negative
878,terrible experience product broke week,Negative
226,item arrived late damaged disappointed,Negative
27,satisfied quality feel cheap,Negative
955,excellent service fast delivery highly recommend,Positive
438,satisfied quality feel cheap,Negative
952,neutral feeling product average,Neutral
365,item arrived late damaged disappointed,Negative
230,terrible experience product broke week,Negative
38,item arrived late damaged disappointed,Negative
966,product okay nothing special,Neutral
375,item arrived late damaged disappointed,Negative
470,amazing quality great value price,Positive
968,amazing quality great value price,Positive
851,product okay nothing special,Neutral
705,amazing quality great value price,Positive
842,love product changed life,Positive
195,wouldnt recommend friend poor performance,Negative
855,love product changed life,Positive
865,neutral feeling product average,Neutral
504,amazing quality great value price,Positive
970,amazing quality great value price,Positive
831,excellent service fast delivery highly recommend,Positive
580,best purchase ive made year,Positive
969,love product changed life,Positive
163,love product changed life,Positive
909,wouldnt recommend friend poor performance,Negative
153,amazing quality great value price,Positive
802,wouldnt recommend friend poor performance,Negative
994,terrible experience product broke week,Negative
756,neutral feeling product average,Neutral
112,amazing quality great value price,Positive
227,item arrived late damaged disappointed,Negative
689,terrible experience product broke week,Negative
104,satisfied quality feel cheap,Negative
422,excellent service fast delivery highly recommend,Positive
420,best purchase ive made year,Positive
751,item arrived late damaged disappointed,Negative
587,item arrived late damaged disappointed,Negative
781,wouldnt recommend friend poor performance,Negative
673,item arrived late damaged disappointed,Negative
120,wouldnt recommend friend poor performance,Negative
54,wouldnt recommend friend poor performance,Negative
152,amazing quality great value price,Positive
404,product okay nothing special,Neutral
946,item arrived late damaged disappointed,Negative
208,amazing quality great value price,Positive
659,neutral feeling product average,Neutral
844,terrible experience product broke week,Negative
763,best purchase ive made year,Positive
9,terrible experience product broke week,Negative
808,product okay nothing special,Neutral
37,terrible experience product broke week,Negative
453,wouldnt recommend friend poor performance,Negative
652,product okay nothing special,Neutral
254,excellent service fast delivery highly recommend,Positive
304,terrible experience product broke week,Negative
747,love product changed life,Positive
572,product okay nothing special,Neutral
624,neutral feeling product average,Neutral
733,satisfied quality feel cheap,Negative
892,amazing quality great value price,Positive
263,item arrived late damaged disappointed,Negative
611,product okay nothing special,Neutral
298,wouldnt recommend friend poor performance,Negative
415,love product changed life,Positive
151,product okay nothing special,Neutral
789,satisfied quality feel cheap,Negative
641,amazing quality great value price,Positive
890,satisfied quality feel cheap,Negative
551,neutral feeling product average,Neutral
887,neutral feeling product average,Neutral
489,satisfied quality feel cheap,Negative
148,excellent service fast delivery highly recommend,Positive
147,wouldnt recommend friend poor performance,Negative
721,best purchase ive made year,Positive
932,item arrived late damaged disappointed,Negative
740,item arrived late damaged disappointed,Negative
660,satisfied quality feel cheap,Negative
349,terrible experience product broke week,Negative
464,terrible experience product broke week,Negative
326,terrible experience product broke week,Negative
187,amazing quality great value price,Positive
124,wouldnt recommend friend poor performance,Negative
854,product okay nothing special,Neutral
609,best purchase ive made year,Positive
144,terrible experience product broke week,Negative
959,satisfied quality feel cheap,Negative
198,wouldnt recommend friend poor performance,Negative
610,item arrived late damaged disappointed,Negative
280,best purchase ive made year,Positive
294,terrible experience product broke week,Negative
401,product okay nothing special,Neutral
123,item arrived late damaged disappointed,Negative
184,item arrived late damaged disappointed,Negative
203,excellent service fast delivery highly recommend,Positive
439,product okay nothing special,Neutral
247,neutral feeling product average,Neutral
416,neutral feeling product average,Neutral
933,amazing quality great value price,Positive
766,satisfied quality feel cheap,Negative
907,love product changed life,Positive
836,satisfied quality feel cheap,Negative
888,satisfied quality feel cheap,Negative
130,terrible experience product broke week,Negative
638,terrible experience product broke week,Negative
403,product okay nothing special,Neutral
785,satisfied quality feel cheap,Negative
771,best purchase ive made year,Positive
736,amazing quality great value price,Positive
914,neutral feeling product average,Neutral
220,item arrived late damaged disappointed,Negative
642,love product changed life,Positive
916,product okay nothing special,Neutral
753,satisfied quality feel cheap,Negative
807,best purchase ive made year,Positive
920,terrible experience product broke week,Negative
625,product okay nothing special,Neutral
875,product okay nothing special,Neutral
761,amazing quality great value price,Positive
387,item arrived late damaged disappointed,Negative
973,excellent service fast delivery highly recommend,Positive
510,excellent service fast delivery highly recommend,Positive
268,satisfied quality feel cheap,Negative
820,product okay nothing special,Neutral
442,love product changed life,Positive
497,neutral feeling product average,Neutral
113,neutral feeling product average,Neutral
692,love product changed life,Positive
233,best purchase ive made year,Positive
870,excellent service fast delivery highly recommend,Positive
608,item arrived late damaged disappointed,Negative
672,wouldnt recommend friend poor performance,Negative
374,amazing quality great value price,Positive
982,item arrived late damaged disappointed,Negative
843,wouldnt recommend friend poor performance,Negative
234,terrible experience product broke week,Negative
786,excellent service fast delivery highly recommend,Positive
677,wouldnt recommend friend poor performance,Negative
318,neutral feeling product average,Neutral
649,excellent service fast delivery highly recommend,Positive
411,satisfied quality feel cheap,Negative
899,best purchase ive made year,Positive
710,satisfied quality feel cheap,Negative
359,satisfied quality feel cheap,Negative
259,excellent service fast delivery highly recommend,Positive
745,neutral feeling product average,Neutral
628,item arrived late damaged disappointed,Negative
633,best purchase ive made year,Positive
283,wouldnt recommend friend poor performance,Negative
377,love product changed life,Positive
385,amazing quality great value price,Positive
225,best purchase ive made year,Positive
954,love product changed life,Positive
815,neutral feeling product average,Neutral
473,best purchase ive made year,Positive
348,satisfied quality feel cheap,Negative
506,best purchase ive made year,Positive
640,love product changed life,Positive
988,product okay nothing special,Neutral
929,item arrived late damaged disappointed,Negative
906,wouldnt recommend friend poor performance,Negative
620,love product changed life,Positive
856,item arrived late damaged disappointed,Negative
804,neutral feeling product average,Neutral
646,love product changed life,Positive
847,satisfied quality feel cheap,Negative
557,satisfied quality feel cheap,Negative
958,product okay nothing special,Neutral
578,item arrived late damaged disappointed,Negative
796,amazing quality great value price,Positive
86,love product changed life,Positive
243,satisfied quality feel cheap,Negative
699,product okay nothing special,Neutral
160,best purchase ive made year,Positive
525,item arrived late damaged disappointed,Negative
36,terrible experience product broke week,Negative
541,neutral feeling product average,Neutral
171,product okay nothing special,Neutral
655,neutral feeling product average,Neutral
891,amazing quality great value price,Positive
858,wouldnt recommend friend poor performance,Negative
848,terrible experience product broke week,Negative
945,neutral feeling product average,Neutral
734,amazing quality great value price,Positive
96,item arrived late damaged disappointed,Negative
564,satisfied quality feel cheap,Negative
241,item arrived late damaged disappointed,Negative
743,excellent service fast delivery highly recommend,Positive
575,product okay nothing special,Neutral
691,best purchase ive made year,Positive
461,excellent service fast delivery highly recommend,Positive
554,neutral feeling product average,Neutral
889,item arrived late damaged disappointed,Negative
207,terrible experience product broke week,Negative
393,best purchase ive made year,Positive
795,love product changed life,Positive
398,amazing quality great value price,Positive
767,satisfied quality feel cheap,Negative
849,product okay nothing special,Neutral
218,excellent service fast delivery highly recommend,Positive
5,excellent service fast delivery highly recommend,Positive
769,terrible experience product broke week,Negative
643,best purchase ive made year,Positive
930,neutral feeling product average,Neutral
613,product okay nothing special,Neutral
739,excellent service fast delivery highly recommend,Positive
547,wouldnt recommend friend poor performance,Negative
726,neutral feeling product average,Neutral
684,love product changed life,Positive
99,satisfied quality feel cheap,Negative
805,neutral feeling product average,Neutral
728,best purchase ive made year,Positive
574,item arrived late damaged disappointed,Negative
407,product okay nothing special,Neutral
503,satisfied quality feel cheap,Negative
48,item arrived late damaged disappointed,Negative
33,product okay nothing special,Neutral
780,amazing quality great value price,Positive
840,wouldnt recommend friend poor performance,Negative
201,terrible experience product broke week,Negative
135,satisfied quality feel cheap,Negative
28,love product changed life,Positive
881,satisfied quality feel cheap,Negative
231,love product changed life,Positive
490,excellent service fast delivery highly recommend,Positive
773,amazing quality great value price,Positive
379,terrible experience product broke week,Negative
289,amazing quality great value price,Positive
419,neutral feeling product average,Neutral
675,excellent service fast delivery highly recommend,Positive
392,love product changed life,Positive
593,love product changed life,Positive
499,amazing quality great value price,Positive
139,love product changed life,Positive
63,item arrived late damaged disappointed,Negative
472,item arrived late damaged disappointed,Negative
648,excellent service fast delivery highly recommend,Positive
129,love product changed life,Positive
977,product okay nothing special,Neutral
521,wouldnt recommend friend poor performance,Negative
839,satisfied quality feel cheap,Negative
963,love product changed life,Positive
65,neutral feeling product average,Neutral
813,terrible experience product broke week,Negative
15,excellent service fast delivery highly recommend,Positive
157,neutral feeling product average,Neutral
41,best purchase ive made year,Positive
493,wouldnt recommend friend poor performance,Negative
380,product okay nothing special,Neutral
188,neutral feeling product average,Neutral
764,neutral feeling product average,Neutral
217,neutral feeling product average,Neutral
792,product okay nothing special,Neutral
53,best purchase ive made year,Positive
879,love product changed life,Positive
338,neutral feeling product average,Neutral
749,satisfied quality feel cheap,Negative
720,item arrived late damaged disappointed,Negative
725,product okay nothing special,Neutral
296,item arrived late damaged disappointed,Negative
702,amazing quality great value price,Positive
252,love product changed life,Positive
727,excellent service fast delivery highly recommend,Positive
462,best purchase ive made year,Positive
456,love product changed life,Positive
997,best purchase ive made year,Positive
816,terrible experience product broke week,Negative
863,satisfied quality feel cheap,Negative
270,amazing quality great value price,Positive
202,love product changed life,Positive
162,excellent service fast delivery highly recommend,Positive
556,excellent service fast delivery highly recommend,Positive
730,best purchase ive made year,Positive
402,excellent service fast delivery highly recommend,Positive
703,satisfied quality feel cheap,Negative
477,product okay nothing special,Neutral
822,satisfied quality feel cheap,Negative
772,terrible experience product broke week,Negative
106,item arrived late damaged disappointed,Negative
566,satisfied quality feel cheap,Negative
390,satisfied quality feel cheap,Negative
2,love product changed life,Positive
938,satisfied quality feel cheap,Negative
983,neutral feeling product average,Neutral
562,neutral feeling product average,Neutral
81,amazing quality great value price,Positive
206,best purchase ive made year,Positive
35,best purchase ive made year,Positive
776,excellent service fast delivery highly recommend,Positive
509,satisfied quality feel cheap,Negative
428,satisfied quality feel cheap,Negative
455,satisfied quality feel cheap,Negative
367,love product changed life,Positive
92,wouldnt recommend friend poor performance,Negative
340,satisfied quality feel cheap,Negative
898,item arrived late damaged disappointed,Negative
565,excellent service fast delivery highly recommend,Positive
346,terrible experience product broke week,Negative
777,neutral feeling product average,Neutral
242,product okay nothing special,Neutral
14,terrible experience product broke week,Negative
316,product okay nothing special,Neutral
601,excellent service fast delivery highly recommend,Positive
388,product okay nothing special,Neutral
167,terrible experience product broke week,Negative
841,wouldnt recommend friend poor performance,Negative
993,product okay nothing special,Neutral
647,love product changed life,Positive
819,product okay nothing special,Neutral
485,item arrived late damaged disappointed,Negative
981,satisfied quality feel cheap,Negative
505,wouldnt recommend friend poor performance,Negative
832,amazing quality great value price,Positive
244,neutral feeling product average,Neutral
567,best purchase ive made year,Positive
876,satisfied quality feel cheap,Negative
563,terrible experience product broke week,Negative
687,item arrived late damaged disappointed,Negative
190,excellent service fast delivery highly recommend,Positive
783,terrible experience product broke week,Negative
700,item arrived late damaged disappointed,Negative
476,amazing quality great value price,Positive
682,terrible experience product broke week,Negative
511,excellent service fast delivery highly recommend,Positive
59,satisfied quality feel cheap,Negative
475,satisfied quality feel cheap,Negative
561,satisfied quality feel cheap,Negative
857,neutral feeling product average,Neutral
748,terrible experience product broke week,Negative
253,terrible experience product broke week,Negative
22,amazing quality great value price,Positive
314,satisfied quality feel cheap,Negative
460,amazing quality great value price,Positive
161,satisfied quality feel cheap,Negative
277,wouldnt recommend friend poor performance,Negative
956,satisfied quality feel cheap,Negative
192,terrible experience product broke week,Negative
386,product okay nothing special,Neutral
806,neutral feeling product average,Neutral
414,item arrived late damaged disappointed,Negative
492,wouldnt recommend friend poor performance,Negative
344,amazing quality great value price,Positive
770,excellent service fast delivery highly recommend,Positive
309,best purchase ive made year,Positive
662,product okay nothing special,Neutral
